﻿<?xml version="1.0" encoding="utf-8"?>
<AllFeetArmor>
    <FeetArmor>
        <Name>Cloth Shoes</Name>
        <Description>A plain pair of shoes made of cloth.</Description>
        <Defense>2</Defense>
        <Durability>0</Durability>
        <MinimumLevel>0</MinimumLevel>
        <Value>0</Value>
        <Weight>5</Weight>
        <CanSell>False</CanSell>
        <IsSold>False</IsSold>
        <AllowedClasses />
    </FeetArmor>
    <FeetArmor>
        <Name>Leather Shoes</Name>
        <Description>An unadorned pair of shoes made of leather.</Description>
        <Defense>5</Defense>
        <Durability>0</Durability>
        <MinimumLevel>0</MinimumLevel>
        <Value>150</Value>
        <Weight>8</Weight>
        <CanSell>True</CanSell>
        <IsSold>True</IsSold>
        <AllowedClasses />
    </FeetArmor>
    <FeetArmor>
        <Name>Studded Leather Boots</Name>
        <Description>A pair of leather boots lined with metal studs.</Description>
        <Defense>8</Defense>
        <Durability>0</Durability>
        <MinimumLevel>0</MinimumLevel>
        <Value>240</Value>
        <Weight>10</Weight>
        <CanSell>True</CanSell>
        <IsSold>True</IsSold>
        <AllowedClasses />
    </FeetArmor>
    <FeetArmor>
        <Name>Chain Boots</Name>
        <Description>A pair of boots made of chainmail.</Description>
        <Defense>12</Defense>
        <Durability>0</Durability>
        <MinimumLevel>0</MinimumLevel>
        <Value>360</Value>
        <Weight>15</Weight>
        <CanSell>True</CanSell>
        <IsSold>True</IsSold>
        <AllowedClasses />
    </FeetArmor>
    <FeetArmor>
        <Name>Silk Boots</Name>
        <Description>Boots made of silk of strong tensile strength.</Description>
        <Defense>17</Defense>
        <Durability>0</Durability>
        <MinimumLevel>0</MinimumLevel>
        <Value>510</Value>
        <Weight>6</Weight>
        <CanSell>True</CanSell>
        <IsSold>True</IsSold>
        <AllowedClasses />
    </FeetArmor>
    <FeetArmor>
        <Name>Plate Boots</Name>
        <Description>Boots made of sturdy steel.</Description>
        <Defense>20</Defense>
        <Durability>0</Durability>
        <MinimumLevel>0</MinimumLevel>
        <Value>600</Value>
        <Weight>20</Weight>
        <CanSell>True</CanSell>
        <IsSold>True</IsSold>
        <AllowedClasses />
    </FeetArmor>
    <FeetArmor>
        <Name>Diamond Boots</Name>
        <Description>An extraordinarily strong pair of boots made of interlocking pieces of diamond.</Description>
        <Defense>30</Defense>
        <Durability>0</Durability>
        <MinimumLevel>0</MinimumLevel>
        <Value>1,500</Value>
        <Weight>10</Weight>
        <CanSell>True</CanSell>
        <IsSold>True</IsSold>
        <AllowedClasses />
    </FeetArmor>
</AllFeetArmor>