﻿<?xml version="1.0" encoding="utf-8"?>
<AllHandArmor>
    <HandArmor>
        <Name>Cloth Gloves</Name>
        <Description>A plain pair of gloves, made of cloth.</Description>
        <Defense>2</Defense>
        <Durability>0</Durability>
        <MinimumLevel>0</MinimumLevel>
        <Value>0</Value>
        <Weight>1</Weight>
        <CanSell>False</CanSell>
        <IsSold>False</IsSold>
        <AllowedClasses />
    </HandArmor>
    <HandArmor>
        <Name>Leather Gloves</Name>
        <Description>An unadorned pair of gloves made of leather.</Description>
        <Defense>5</Defense>
        <Durability>0</Durability>
        <MinimumLevel>0</MinimumLevel>
        <Value>150</Value>
        <Weight>2</Weight>
        <CanSell>True</CanSell>
        <IsSold>True</IsSold>
        <AllowedClasses />
    </HandArmor>
    <HandArmor>
        <Name>Studded Leather Gloves</Name>
        <Description>A pair of leather gloves lined with metal studs.</Description>
        <Defense>8</Defense>
        <Durability>0</Durability>
        <MinimumLevel>0</MinimumLevel>
        <Value>240</Value>
        <Weight>4</Weight>
        <CanSell>True</CanSell>
        <IsSold>True</IsSold>
        <AllowedClasses />
    </HandArmor>
    <HandArmor>
        <Name>Chain Gauntlets</Name>
        <Description>A pair of gauntlets made of chainmail.</Description>
        <Defense>12</Defense>
        <Durability>0</Durability>
        <MinimumLevel>0</MinimumLevel>
        <Value>360</Value>
        <Weight>8</Weight>
        <CanSell>True</CanSell>
        <IsSold>True</IsSold>
        <AllowedClasses />
    </HandArmor>
    <HandArmor>
        <Name>Silk Gauntlets</Name>
        <Description>Gauntlets made of silk of strong tensile strength.</Description>
        <Defense>17</Defense>
        <Durability>0</Durability>
        <MinimumLevel>0</MinimumLevel>
        <Value>510</Value>
        <Weight>3</Weight>
        <CanSell>True</CanSell>
        <IsSold>True</IsSold>
        <AllowedClasses />
    </HandArmor>
    <HandArmor>
        <Name>Plate Gauntlets</Name>
        <Description>Gauntlets made of sturdy steel.</Description>
        <Defense>20</Defense>
        <Durability>0</Durability>
        <MinimumLevel>0</MinimumLevel>
        <Value>600</Value>
        <Weight>12</Weight>
        <CanSell>True</CanSell>
        <IsSold>True</IsSold>
        <AllowedClasses />
    </HandArmor>
    <HandArmor>
        <Name>Diamond Gauntlets</Name>
        <Description>An extraordinarily strong pair of gauntlets made of interlocking pieces of diamond.</Description>
        <Defense>30</Defense>
        <Durability>0</Durability>
        <MinimumLevel>0</MinimumLevel>
        <Value>1,500</Value>
        <Weight>10</Weight>
        <CanSell>True</CanSell>
        <IsSold>True</IsSold>
        <AllowedClasses />
    </HandArmor>
</AllHandArmor>