﻿<?xml version="1.0" encoding="utf-8"?>
<AllHeadArmor>
    <HeadArmor>
        <Name>Robe Hood</Name>
        <Description>A robe's hood, made of a strong fabric.</Description>
        <Defense>12</Defense>
        <Durability>0</Durability>
        <MinimumLevel>0</MinimumLevel>
        <Value>0</Value>
        <Weight>5</Weight>
        <CanSell>False</CanSell>
        <IsSold>False</IsSold>
        <AllowedClasses />
    </HeadArmor>
    <HeadArmor>
        <Name>Necromancer Robe Hood</Name>
        <Description>Hood of Necromancer's Robes.</Description>
        <Defense>0</Defense>
        <Durability>0</Durability>
        <MinimumLevel>0</MinimumLevel>
        <Value>0</Value>
        <Weight>0</Weight>
        <CanSell>False</CanSell>
        <IsSold>False</IsSold>
        <AllowedClasses />
    </HeadArmor>
    <HeadArmor>
        <Name>Cloth Helmet</Name>
        <Description>A plain helmet made of cloth.</Description>
        <Defense>4</Defense>
        <Durability>0</Durability>
        <MinimumLevel>0</MinimumLevel>
        <Value>0</Value>
        <Weight>5</Weight>
        <CanSell>False</CanSell>
        <IsSold>False</IsSold>
        <AllowedClasses />
    </HeadArmor>
    <HeadArmor>
        <Name>Leather Helmet</Name>
        <Description>An unadorned helmet made of leather.</Description>
        <Defense>10</Defense>
        <Durability>0</Durability>
        <MinimumLevel>0</MinimumLevel>
        <Value>300</Value>
        <Weight>8</Weight>
        <CanSell>True</CanSell>
        <IsSold>True</IsSold>
        <AllowedClasses />
    </HeadArmor>
    <HeadArmor>
        <Name>Studded Leather Helmet</Name>
        <Description>A leather helmet lined with metal studs.</Description>
        <Defense>15</Defense>
        <Durability>0</Durability>
        <MinimumLevel>0</MinimumLevel>
        <Value>450</Value>
        <Weight>10</Weight>
        <CanSell>True</CanSell>
        <IsSold>True</IsSold>
        <AllowedClasses />
    </HeadArmor>
    <HeadArmor>
        <Name>Miner's Helmet</Name>
        <Description>A helmet designed for people working in mines.</Description>
        <Defense>20</Defense>
        <Durability>0</Durability>
        <MinimumLevel>0</MinimumLevel>
        <Value>600</Value>
        <Weight>10</Weight>
        <CanSell>True</CanSell>
        <IsSold>True</IsSold>
        <AllowedClasses />
    </HeadArmor>
    <HeadArmor>
        <Name>Chain Helmet</Name>
        <Description>A helmet made of chainmail.</Description>
        <Defense>24</Defense>
        <Durability>0</Durability>
        <MinimumLevel>0</MinimumLevel>
        <Value>720</Value>
        <Weight>15</Weight>
        <CanSell>True</CanSell>
        <IsSold>True</IsSold>
        <AllowedClasses />
    </HeadArmor>
    <HeadArmor>
        <Name>Silk Helmet</Name>
        <Description>A helmet made of silk of strong tensile strength.</Description>
        <Defense>30</Defense>
        <Durability>0</Durability>
        <MinimumLevel>0</MinimumLevel>
        <Value>1,500</Value>
        <Weight>8</Weight>
        <CanSell>True</CanSell>
        <IsSold>True</IsSold>
        <AllowedClasses />
    </HeadArmor>
    <HeadArmor>
        <Name>Plate Helmet</Name>
        <Description>A helmet made of sturdy steel.</Description>
        <Defense>35</Defense>
        <Durability>0</Durability>
        <MinimumLevel>0</MinimumLevel>
        <Value>1,750</Value>
        <Weight>20</Weight>
        <CanSell>True</CanSell>
        <IsSold>True</IsSold>
        <AllowedClasses />
    </HeadArmor>
    <HeadArmor>
        <Name>Diamond Helmet</Name>
        <Description>An extraordinarily strong helmet made of interlocking pieces of diamond.</Description>
        <Defense>50</Defense>
        <Durability>0</Durability>
        <MinimumLevel>0</MinimumLevel>
        <Value>2,500</Value>
        <Weight>12</Weight>
        <CanSell>True</CanSell>
        <IsSold>True</IsSold>
        <AllowedClasses />
    </HeadArmor>
</AllHeadArmor>