﻿<?xml version="1.0" encoding="utf-8"?>
<AllLegArmor>
    <LegArmor>
        <Name>Cloth Pants</Name>
        <Description>A plain pair of pants made of cloth.</Description>
        <Defense>4</Defense>
        <Durability>0</Durability>
        <MinimumLevel>0</MinimumLevel>
        <Value>0</Value>
        <Weight>10</Weight>
        <CanSell>False</CanSell>
        <IsSold>False</IsSold>
        <AllowedClasses />
    </LegArmor>
    <LegArmor>
        <Name>Robe Leggings</Name>
        <Description>A robe's lower half, made of a strong fabric.</Description>
        <Defense>14</Defense>
        <Durability>0</Durability>
        <MinimumLevel>0</MinimumLevel>
        <Value>0</Value>
        <Weight>5</Weight>
        <CanSell>False</CanSell>
        <IsSold>False</IsSold>
        <AllowedClasses />
    </LegArmor>
    <LegArmor>
        <Name>Necromancer Robe Leggings</Name>
        <Description>Robes of a Necromancer.</Description>
        <Defense>20</Defense>
        <Durability>0</Durability>
        <MinimumLevel>0</MinimumLevel>
        <Value>0</Value>
        <Weight>10</Weight>
        <CanSell>False</CanSell>
        <IsSold>False</IsSold>
        <AllowedClasses />
    </LegArmor>
    <LegArmor>
        <Name>Leather Pants</Name>
        <Description>An unadorned pair of pants made of leather.</Description>
        <Defense>10</Defense>
        <Durability>0</Durability>
        <MinimumLevel>0</MinimumLevel>
        <Value>300</Value>
        <Weight>12</Weight>
        <CanSell>True</CanSell>
        <IsSold>True</IsSold>
        <AllowedClasses />
    </LegArmor>
    <LegArmor>
        <Name>Studded Leather Pants</Name>
        <Description>A pair of leather pants lined with metal studs.</Description>
        <Defense>15</Defense>
        <Durability>0</Durability>
        <MinimumLevel>0</MinimumLevel>
        <Value>450</Value>
        <Weight>16</Weight>
        <CanSell>True</CanSell>
        <IsSold>True</IsSold>
        <AllowedClasses />
    </LegArmor>
    <LegArmor>
        <Name>Chain Leggings</Name>
        <Description>A pair of leggings made of chainmail.</Description>
        <Defense>22</Defense>
        <Durability>0</Durability>
        <MinimumLevel>0</MinimumLevel>
        <Value>660</Value>
        <Weight>24</Weight>
        <CanSell>True</CanSell>
        <IsSold>True</IsSold>
        <AllowedClasses />
    </LegArmor>
    <LegArmor>
        <Name>Silk Leggings</Name>
        <Description>Leggings made of silk of strong tensile strength.</Description>
        <Defense>27</Defense>
        <Durability>0</Durability>
        <MinimumLevel>0</MinimumLevel>
        <Value>810</Value>
        <Weight>10</Weight>
        <CanSell>True</CanSell>
        <IsSold>True</IsSold>
        <AllowedClasses />
    </LegArmor>
    <LegArmor>
        <Name>Plate Leggings</Name>
        <Description>Leggings made of sturdy steel.</Description>
        <Defense>30</Defense>
        <Durability>0</Durability>
        <MinimumLevel>0</MinimumLevel>
        <Value>1,500</Value>
        <Weight>27</Weight>
        <CanSell>True</CanSell>
        <IsSold>True</IsSold>
        <AllowedClasses />
    </LegArmor>
    <LegArmor>
        <Name>Diamond Leggings</Name>
        <Description>An extraordinarily strong pair of leggings made of interlocking pieces of diamond.</Description>
        <Defense>45</Defense>
        <Durability>0</Durability>
        <MinimumLevel>0</MinimumLevel>
        <Value>2,250</Value>
        <Weight>15</Weight>
        <CanSell>True</CanSell>
        <IsSold>True</IsSold>
        <AllowedClasses />
    </LegArmor>
</AllLegArmor>